{"cameraMode":{"drawMode":0,"name":"Shaded","section":"Shading Mode"},"sceneLighting":false,"audioPlay":false,"sceneViewState":{"m_AlwaysRefresh":false,"showFog":true,"showSkybox":false,"showFlares":true,"showImageEffects":true,"showParticleSystems":true,"showVisualEffectGraphs":true,"m_FxEnabled":true},"in2DMode":false,"pivot":{"x":2.384185791015625e-7,"y":0.8423442840576172,"z":0.02471761405467987},"rotation":{"x":-0.0979626476764679,"y":0.7113072872161865,"z":-0.10118891298770905,"w":-0.6886275410652161},"size":2.0248584747314455,"orthographic":false}