{"cameraMode":{"drawMode":0,"name":"Shaded","section":"Shading Mode"},"sceneLighting":false,"audioPlay":false,"sceneViewState":{"m_AlwaysRefresh":false,"showFog":true,"showSkybox":false,"showFlares":true,"showImageEffects":true,"showParticleSystems":true,"showVisualEffectGraphs":true,"m_FxEnabled":true},"in2DMode":false,"pivot":{"x":0.25462865829467776,"y":0.43297290802001955,"z":7.044025421142578},"rotation":{"x":0.2724134922027588,"y":0.025962084531784059,"z":-0.00740576209500432,"w":0.9618198275566101},"size":12.674211502075196,"orthographic":false}