{"cameraMode":{"drawMode":0,"name":"Shaded","section":"Shading Mode"},"sceneLighting":false,"audioPlay":false,"sceneViewState":{"m_AlwaysRefresh":false,"showFog":true,"showSkybox":false,"showFlares":true,"showImageEffects":true,"showParticleSystems":true,"showVisualEffectGraphs":true,"m_FxEnabled":true},"in2DMode":false,"pivot":{"x":23.101795196533204,"y":7.941173553466797,"z":39.14268112182617},"rotation":{"x":-0.22640559077262879,"y":0.39685648679733279,"z":-0.10167645663022995,"w":-0.8836916089057922},"size":34.391719818115237,"orthographic":false}