{"cameraMode":{"drawMode":0,"name":"Shaded","section":"Shading Mode"},"sceneLighting":false,"audioPlay":false,"sceneViewState":{"m_AlwaysRefresh":false,"showFog":true,"showSkybox":false,"showFlares":true,"showImageEffects":true,"showParticleSystems":true,"showVisualEffectGraphs":true,"m_FxEnabled":true},"in2DMode":false,"pivot":{"x":3.4805619716644289,"y":2.611147403717041,"z":-4.645965099334717},"rotation":{"x":0.010681209154427052,"y":-0.15240156650543214,"z":0.0016604936681687832,"w":0.9882842898368836},"size":2.5373568534851076,"orthographic":false}