{"cameraMode":{"drawMode":0,"name":"Shaded","section":"Shading Mode"},"sceneLighting":false,"audioPlay":false,"sceneViewState":{"m_AlwaysRefresh":false,"showFog":true,"showSkybox":false,"showFlares":true,"showImageEffects":true,"showParticleSystems":true,"showVisualEffectGraphs":true,"m_FxEnabled":true},"in2DMode":false,"pivot":{"x":-0.24519872665405274,"y":0.6522490978240967,"z":-0.48770713806152346},"rotation":{"x":0.05647386610507965,"y":0.9368694424629211,"z":-0.1795082837343216,"w":0.2947442829608917},"size":2.970207452774048,"orthographic":false}