{"cameraMode":{"drawMode":0,"name":"Shaded","section":"Shading Mode"},"sceneLighting":false,"audioPlay":false,"sceneViewState":{"m_AlwaysRefresh":false,"showFog":true,"showSkybox":false,"showFlares":true,"showImageEffects":true,"showParticleSystems":true,"showVisualEffectGraphs":true,"m_FxEnabled":true},"in2DMode":false,"pivot":{"x":0.4810504913330078,"y":2.9015159606933595,"z":12.315082550048829},"rotation":{"x":0.058134276419878009,"y":0.1477014571428299,"z":-0.008674712851643563,"w":0.9873114824295044},"size":7.9017486572265629,"orthographic":false}