{"cameraMode":{"drawMode":0,"name":"Shaded","section":"Shading Mode"},"sceneLighting":false,"audioPlay":false,"sceneViewState":{"m_AlwaysRefresh":false,"showFog":true,"showSkybox":false,"showFlares":true,"showImageEffects":true,"showParticleSystems":true,"showVisualEffectGraphs":true,"m_FxEnabled":true},"in2DMode":false,"pivot":{"x":1.906942367553711,"y":3.0901265144348146,"z":-4.5931715965271},"rotation":{"x":0.13786953687667848,"y":-0.005942982621490955,"z":0.0008463035919703543,"w":0.9904564619064331},"size":2.5377514362335207,"orthographic":false}